<manifest version="1.0" type="device" target-level="2">
    <hal format="hidl">
        <name>android.hardware.audio</name>
        <transport>hwbinder</transport>
        <version>2.0</version>
        <interface>
            <name>IDevicesFactory</name>
            <instance>default</instance>
        </interface>
        <fqname>@2.0::IDevicesFactory/default</fqname>
    </hal>
    <hal format="hidl">
        <name>android.hardware.audio.effect</name>
        <transport>hwbinder</transport>
        <version>2.0</version>
        <interface>
            <name>IEffectsFactory</name>
            <instance>default</instance>
        </interface>
        <fqname>@2.0::IEffectsFactory/default</fqname>
    </hal>
    <hal format="hidl">
        <name>android.hardware.biometrics.fingerprint</name>
        <transport>hwbinder</transport>
        <version>2.1</version>
        <interface>
            <name>IBiometricsFingerprint</name>
            <instance>default</instance>
        </interface>
        <fqname>@2.1::IBiometricsFingerprint/default</fqname>
    </hal>
    <hal format="hidl">
        <name>android.hardware.bluetooth</name>
        <transport>hwbinder</transport>
        <version>1.0</version>
        <interface>
            <name>IBluetoothHci</name>
            <instance>default</instance>
        </interface>
        <fqname>@1.0::IBluetoothHci/default</fqname>
    </hal>
    <hal format="hidl">
        <name>android.hardware.boot</name>
        <transport>hwbinder</transport>
        <version>1.0</version>
        <interface>
            <name>IBootControl</name>
            <instance>default</instance>
        </interface>
        <fqname>@1.0::IBootControl/default</fqname>
    </hal>
    <hal format="hidl">
        <name>android.hardware.camera.provider</name>
        <transport>hwbinder</transport>
        <version>2.4</version>
        <interface>
            <name>ICameraProvider</name>
            <instance>legacy/0</instance>
        </interface>
        <fqname>@2.4::ICameraProvider/legacy/0</fqname>
    </hal>
    <hal format="hidl">
        <name>android.hardware.cas</name>
        <transport>hwbinder</transport>
        <version>1.0</version>
        <interface>
            <name>IMediaCasService</name>
            <instance>default</instance>
        </interface>
        <fqname>@1.0::IMediaCasService/default</fqname>
    </hal>
    <hal format="hidl">
        <name>android.hardware.configstore</name>
        <transport>hwbinder</transport>
        <version>1.0</version>
        <interface>
            <name>ISurfaceFlingerConfigs</name>
            <instance>default</instance>
        </interface>
        <fqname>@1.0::ISurfaceFlingerConfigs/default</fqname>
    </hal>
    <hal format="hidl">
        <name>android.hardware.drm</name>
        <transport>hwbinder</transport>
        <version>1.0</version>
        <interface>
            <name>ICryptoFactory</name>
            <instance>default</instance>
        </interface>
        <interface>
            <name>IDrmFactory</name>
            <instance>default</instance>
        </interface>
        <fqname>@1.0::ICryptoFactory/default</fqname>
        <fqname>@1.0::IDrmFactory/default</fqname>
        <fqname>@1.1::ICryptoFactory/clearkey</fqname>
        <fqname>@1.1::ICryptoFactory/widevine</fqname>
        <fqname>@1.1::IDrmFactory/clearkey</fqname>
        <fqname>@1.1::IDrmFactory/widevine</fqname>
    </hal>
    <hal format="hidl">
        <name>android.hardware.dumpstate</name>
        <transport>hwbinder</transport>
        <version>1.0</version>
        <interface>
            <name>IDumpstateDevice</name>
            <instance>default</instance>
        </interface>
        <fqname>@1.0::IDumpstateDevice/default</fqname>
    </hal>
    <hal format="hidl">
        <name>android.hardware.gatekeeper</name>
        <transport>hwbinder</transport>
        <version>1.0</version>
        <interface>
            <name>IGatekeeper</name>
            <instance>default</instance>
        </interface>
        <fqname>@1.0::IGatekeeper/default</fqname>
    </hal>
    <hal format="hidl">
        <name>android.hardware.gnss</name>
        <transport>hwbinder</transport>
        <version>1.0</version>
        <interface>
            <name>IGnss</name>
            <instance>default</instance>
        </interface>
        <fqname>@1.0::IGnss/default</fqname>
    </hal>
    <hal format="hidl">
        <name>android.hardware.graphics.allocator</name>
        <transport>hwbinder</transport>
        <version>2.0</version>
        <interface>
            <name>IAllocator</name>
            <instance>default</instance>
        </interface>
        <fqname>@2.0::IAllocator/default</fqname>
    </hal>
    <hal format="hidl">
        <name>android.hardware.graphics.composer</name>
        <transport>hwbinder</transport>
        <version>2.1</version>
        <interface>
            <name>IComposer</name>
            <instance>default</instance>
        </interface>
        <fqname>@2.1::IComposer/default</fqname>
    </hal>
    <hal format="hidl">
        <name>android.hardware.graphics.mapper</name>
        <transport arch="32+64">passthrough</transport>
        <version>2.0</version>
        <interface>
            <name>IMapper</name>
            <instance>default</instance>
        </interface>
        <fqname>@2.0::IMapper/default</fqname>
    </hal>
    <hal format="hidl">
        <name>android.hardware.health</name>
        <transport>hwbinder</transport>
        <version>2.0</version>
        <interface>
            <name>IHealth</name>
            <instance>default</instance>
        </interface>
        <fqname>@2.0::IHealth/default</fqname>
    </hal>
    <hal format="hidl">
        <name>android.hardware.keymaster</name>
        <transport>hwbinder</transport>
        <version>3.0</version>
        <interface>
            <name>IKeymasterDevice</name>
            <instance>default</instance>
        </interface>
        <fqname>@3.0::IKeymasterDevice/default</fqname>
    </hal>
    <hal format="hidl">
        <name>android.hardware.light</name>
        <transport>hwbinder</transport>
        <version>2.0</version>
        <interface>
            <name>ILight</name>
            <instance>default</instance>
        </interface>
        <fqname>@2.0::ILight/default</fqname>
    </hal>
    <hal format="hidl">
        <name>android.hardware.media.omx</name>
        <transport>hwbinder</transport>
        <version>1.0</version>
        <interface>
            <name>IOmx</name>
            <instance>default</instance>
        </interface>
        <interface>
            <name>IOmxStore</name>
            <instance>default</instance>
        </interface>
        <fqname>@1.0::IOmx/default</fqname>
        <fqname>@1.0::IOmxStore/default</fqname>
    </hal>
    <hal format="hidl">
        <name>android.hardware.memtrack</name>
        <transport>hwbinder</transport>
        <version>1.0</version>
        <interface>
            <name>IMemtrack</name>
            <instance>default</instance>
        </interface>
        <fqname>@1.0::IMemtrack/default</fqname>
    </hal>
    <hal format="hidl">
        <name>android.hardware.nfc</name>
        <transport>hwbinder</transport>
        <version>1.1</version>
        <interface>
            <name>INfc</name>
            <instance>default</instance>
        </interface>
        <fqname>@1.1::INfc/default</fqname>
    </hal>
    <hal format="hidl">
        <name>android.hardware.power</name>
        <transport>hwbinder</transport>
        <version>1.1</version>
        <interface>
            <name>IPower</name>
            <instance>default</instance>
        </interface>
        <fqname>@1.1::IPower/default</fqname>
    </hal>
    <hal format="hidl">
        <name>android.hardware.radio</name>
        <transport>hwbinder</transport>
        <version>1.0</version>
        <interface>
            <name>IRadio</name>
            <instance>slot1</instance>
        </interface>
        <interface>
            <name>ISap</name>
            <instance>slot1</instance>
        </interface>
        <fqname>@1.0::IRadio/slot1</fqname>
        <fqname>@1.0::ISap/slot1</fqname>
    </hal>
    <hal format="hidl">
        <name>android.hardware.radio.deprecated</name>
        <transport>hwbinder</transport>
        <version>1.0</version>
        <interface>
            <name>IOemHook</name>
            <instance>slot1</instance>
        </interface>
        <fqname>@1.0::IOemHook/slot1</fqname>
    </hal>
    <hal format="hidl">
        <name>android.hardware.renderscript</name>
        <transport arch="32+64">passthrough</transport>
        <version>1.0</version>
        <interface>
            <name>IDevice</name>
            <instance>default</instance>
        </interface>
        <fqname>@1.0::IDevice/default</fqname>
    </hal>
    <hal format="hidl">
        <name>android.hardware.secure_element</name>
        <transport>hwbinder</transport>
        <version>1.0</version>
        <interface>
            <name>ISecureElement</name>
            <instance>SIM1</instance>
        </interface>
        <fqname>@1.0::ISecureElement/SIM1</fqname>
    </hal>
    <hal format="hidl">
        <name>android.hardware.sensors</name>
        <transport>hwbinder</transport>
        <version>1.0</version>
        <interface>
            <name>ISensors</name>
            <instance>default</instance>
        </interface>
        <fqname>@1.0::ISensors/default</fqname>
    </hal>
    <hal format="hidl">
        <name>android.hardware.soundtrigger</name>
        <transport>hwbinder</transport>
        <version>2.0</version>
        <interface>
            <name>ISoundTriggerHw</name>
            <instance>default</instance>
        </interface>
        <fqname>@2.0::ISoundTriggerHw/default</fqname>
    </hal>
    <hal format="hidl">
        <name>android.hardware.thermal</name>
        <transport>hwbinder</transport>
        <version>1.0</version>
        <interface>
            <name>IThermal</name>
            <instance>default</instance>
        </interface>
        <fqname>@1.0::IThermal/default</fqname>
    </hal>
    <hal format="hidl">
        <name>android.hardware.usb</name>
        <transport>hwbinder</transport>
        <version>1.0</version>
        <interface>
            <name>IUsb</name>
            <instance>default</instance>
        </interface>
        <fqname>@1.0::IUsb/default</fqname>
    </hal>
    <hal format="hidl">
        <name>android.hardware.vibrator</name>
        <transport>hwbinder</transport>
        <version>1.2</version>
        <interface>
            <name>IVibrator</name>
            <instance>default</instance>
        </interface>
        <fqname>@1.2::IVibrator/default</fqname>
    </hal>
    <hal format="hidl">
        <name>android.hardware.wifi</name>
        <transport>hwbinder</transport>
        <version>1.2</version>
        <interface>
            <name>IWifi</name>
            <instance>default</instance>
        </interface>
        <fqname>@1.2::IWifi/default</fqname>
    </hal>
    <hal format="hidl">
        <name>android.hardware.wifi.hostapd</name>
        <transport>hwbinder</transport>
        <version>1.0</version>
        <interface>
            <name>IHostapd</name>
            <instance>default</instance>
        </interface>
        <fqname>@1.0::IHostapd/default</fqname>
    </hal>
    <hal format="hidl">
        <name>android.hardware.wifi.supplicant</name>
        <transport>hwbinder</transport>
        <version>1.1</version>
        <interface>
            <name>ISupplicant</name>
            <instance>default</instance>
        </interface>
        <fqname>@1.1::ISupplicant/default</fqname>
    </hal>
    <hal format="hidl">
        <name>com.qualcomm.qti.uceservice</name>
        <transport>hwbinder</transport>
        <version>1.0</version>
        <interface>
            <name>IUceService</name>
            <instance>com.qualcomm.qti.uceservice</instance>
        </interface>
        <fqname>@1.0::IUceService/com.qualcomm.qti.uceservice</fqname>
    </hal>
    <hal format="hidl">
        <name>com.qualcomm.qti.wifidisplayhal</name>
        <transport>hwbinder</transport>
        <version>1.0</version>
        <interface>
            <name>IDSManager</name>
            <instance>wifidisplaydshal</instance>
        </interface>
        <interface>
            <name>IHDCPSession</name>
            <instance>wifidisplayhdcphal</instance>
        </interface>
        <fqname>@1.0::IDSManager/wifidisplaydshal</fqname>
        <fqname>@1.0::IHDCPSession/wifidisplayhdcphal</fqname>
    </hal>
    <hal format="hidl">
        <name>com.quicinc.cne.api</name>
        <transport>hwbinder</transport>
        <version>1.0</version>
        <interface>
            <name>IApiService</name>
            <instance>cnd</instance>
        </interface>
        <fqname>@1.0::IApiService/cnd</fqname>
    </hal>
    <hal format="hidl">
        <name>com.quicinc.cne.server</name>
        <transport>hwbinder</transport>
        <version>1.0</version>
        <interface>
            <name>IServer</name>
            <instance>cnd</instance>
        </interface>
        <fqname>@1.0::IServer/cnd</fqname>
    </hal>
    <hal format="hidl">
        <name>com.quicinc.cne.server</name>
        <transport>hwbinder</transport>
        <version>2.0</version>
        <interface>
            <name>IServer</name>
            <instance>cnd</instance>
        </interface>
        <fqname>@2.0::IServer/cnd</fqname>
    </hal>
    <hal format="hidl">
        <name>vendor.essential.hardware.sidecar</name>
        <transport>hwbinder</transport>
        <version>1.0</version>
        <interface>
            <name>ISidecar</name>
            <instance>default</instance>
        </interface>
        <fqname>@1.0::ISidecar/default</fqname>
    </hal>
    <hal format="hidl">
        <name>vendor.qti.hardware.improvetouch.blobmanager</name>
        <transport>hwbinder</transport>
        <version>1.0</version>
        <interface>
            <name>IBlobManager</name>
            <instance>BlobManagerService</instance>
        </interface>
        <fqname>@1.0::IBlobManager/BlobManagerService</fqname>
    </hal>
    <hal format="hidl">
        <name>vendor.qti.hardware.improvetouch.gesturemanager</name>
        <transport>hwbinder</transport>
        <version>1.0</version>
        <interface>
            <name>IGestureManager</name>
            <instance>GestureManagerService</instance>
        </interface>
        <fqname>@1.0::IGestureManager/GestureManagerService</fqname>
    </hal>
    <hal format="hidl">
        <name>vendor.qti.hardware.improvetouch.touchcompanion</name>
        <transport>hwbinder</transport>
        <version>1.0</version>
        <interface>
            <name>ITouchCompanion</name>
            <instance>TouchCompanionService</instance>
        </interface>
        <fqname>@1.0::ITouchCompanion/TouchCompanionService</fqname>
    </hal>
    <hal format="hidl">
        <name>vendor.qti.hardware.radio.am</name>
        <transport>hwbinder</transport>
        <version>1.0</version>
        <interface>
            <name>IQcRilAudio</name>
            <instance>slot1</instance>
        </interface>
        <fqname>@1.0::IQcRilAudio/slot1</fqname>
    </hal>
    <hal format="hidl">
        <name>vendor.qti.hardware.radio.atcmdfwd</name>
        <transport>hwbinder</transport>
        <version>1.0</version>
        <interface>
            <name>IAtCmdFwd</name>
            <instance>AtCmdFwdService</instance>
        </interface>
        <fqname>@1.0::IAtCmdFwd/AtCmdFwdService</fqname>
    </hal>
    <hal format="hidl">
        <name>vendor.qti.hardware.radio.config</name>
        <transport>hwbinder</transport>
        <version>1.0</version>
        <interface>
            <name>IConfig</name>
            <instance>radioconfig0</instance>
        </interface>
        <fqname>@1.0::IConfig/radioconfig0</fqname>
    </hal>
    <hal format="hidl">
        <name>vendor.qti.hardware.radio.ims</name>
        <transport>hwbinder</transport>
        <version>1.0</version>
        <interface>
            <name>IImsRadio</name>
            <instance>imsradio0</instance>
        </interface>
        <fqname>@1.0::IImsRadio/imsradio0</fqname>
    </hal>
    <hal format="hidl">
        <name>vendor.qti.hardware.radio.qcrilhook</name>
        <transport>hwbinder</transport>
        <version>1.0</version>
        <interface>
            <name>IQtiOemHook</name>
            <instance>oemhook0</instance>
        </interface>
        <fqname>@1.0::IQtiOemHook/oemhook0</fqname>
    </hal>
    <hal format="hidl">
        <name>vendor.qti.hardware.radio.qtiradio</name>
        <transport>hwbinder</transport>
        <version>1.0</version>
        <interface>
            <name>IQtiRadio</name>
            <instance>slot1</instance>
        </interface>
        <fqname>@1.0::IQtiRadio/slot1</fqname>
    </hal>
    <hal format="hidl">
        <name>vendor.qti.hardware.radio.uim</name>
        <transport>hwbinder</transport>
        <version>1.0</version>
        <interface>
            <name>IUim</name>
            <instance>Uim0</instance>
        </interface>
        <fqname>@1.0::IUim/Uim0</fqname>
    </hal>
    <hal format="hidl">
        <name>vendor.qti.imsrtpservice</name>
        <transport>hwbinder</transport>
        <version>1.0</version>
        <interface>
            <name>IRTPService</name>
            <instance>imsrtpservice</instance>
        </interface>
        <fqname>@1.0::IRTPService/imsrtpservice</fqname>
    </hal>
    <sepolicy>
        <version>28.0</version>
    </sepolicy>
</manifest>
